id,title,category_id,level_id,grade_id,term_id,price,filename,description,hits,date_uploaded
11,"AGRI_GRADE 7 TERM 2.docx",4,7,25,74,30,lesson-plans/junior-secondary/grade-7/term-2/1751455080_AGRI_GRADE7TERM2.docx,"AGRI_GRADE 7 TERM 2.docx",3,"2025-07-02 11:18:00"
12,"CRE G9 LP T2 CRE.docx",4,7,27,80,20,lesson-plans/junior-secondary/grade-9/term-2/1751455151_CREG9LPT2CRE.docx,"CRE G9 LP T2 CRE.docx",0,"2025-07-02 11:19:11"
13,"CRE LP G4.docx",4,6,22,65,10,lesson-plans/upper-primary/grade-4/term-2/1751455227_CRELPG4.docx,"CRE LP G4.docx",0,"2025-07-02 11:20:27"
14,"CRE LP G5-wwwschemes.co.ke.docx",4,6,23,68,20,lesson-plans/upper-primary/grade-5/term-2/1751455305_CRELPG5WWW.SCHEMES.CO.KE.docx,"CRE LP G5 WWW.SCHEMES.CO.KE.docx",0,"2025-07-02 11:21:45"
15,grade-7-klb-english-schemes-of-work-term-2-.docx,1,44,156,,20,schemes-of-work/junior-secondary/grade-7/1751481290_grade-7-klb-english-schemes-of-work-term-2-10.docx,grade-7-klb-english-schemes-of-work-term-2.docx,0,"2025-07-02 18:34:50"
16,Grade-7-klb-kiswahili-schemes-of-work-term-2.docx,1,44,156,,30,schemes-of-work/junior-secondary/grade-7/1751481453_Grade-7-klb-kiswahili-schemes-of-work-term-20.docx,Grade-7-klb-kiswahili-schemes-of-work-term-2(0).docx,0,"2025-07-02 18:37:33"
17,Grade-7-klb-top-scholar-cre-schemes-of-work-term-2.docx,1,44,156,,30,schemes-of-work/junior-secondary/grade-7/1751481623_Grade-7-klb-top-scholar-cre-schemes-of-work-term-2.docx,Grade-7-klb-top-scholar-cre-schemes-of-work-term-2.docx,0,"2025-07-02 18:40:23"
18,Grade-7-mathematics-scheme-of-work-term-2--story-moja(0).docx,1,44,156,,39,schemes-of-work/junior-secondary/grade-7/1751481704_Grade-7-mathematics-scheme-of-work-term-2--story-moja0.docx,Grade-7-mathematics-scheme-of-work-term-2--story-moja(0).docx,0,"2025-07-02 18:41:44"
19,grade-7-mathematics-schemes-of-work-term-1-mentor.docx,1,44,156,,30,schemes-of-work/junior-secondary/grade-7/1751481776_grade-7-mathematics-schemes-of-work-term-1-mentor.docx,grade-7-mathematics-schemes-of-work-term-1-mentor.docx,0,"2025-07-02 18:42:56"
20,grade-7-rationalised-pre-technical-schemes-of-work-term-2-klb-1(0).doc,1,44,156,,39,schemes-of-work/junior-secondary/grade-7/1751481872_grade-7-rationalised-pre-technical-schemes-of-work-term-2-klb-10.doc,"grade-7-rationalised-pre-technical-schemes-of-work-term-2-klb-1(0).doc

Size: 158.5 KB

Type: application/msword",0,"2025-07-02 18:44:32"
21,Grade-7-rationalised-social-studies-schemes-of-work-term-2,1,44,156,,39,schemes-of-work/junior-secondary/grade-7/1751481936_Grade-7-rationalised-social-studies-schemes-of-work-term-20.docx,"Grade-7-rationalised-social-studies-schemes-of-work-term-2

Size: 158.5 KB

Type: application/msword",0,"2025-07-02 18:45:36"
22,grade-7-rationalized-agriculture-and-nutrition-schemes-of-work-term-2-updated,1,44,156,,39,schemes-of-work/junior-secondary/grade-7/1751482006_grade-7-rationalized-agriculture-and-nutrition-schemes-of-work-term-2-updated0.docx,"grade-7-rationalized-agriculture-and-nutrition-schemes-of-work-term-2-updated
Size: 158.5 KB

Type: application/msword",0,"2025-07-02 18:46:46"
23,grade-7-rationalized-creative-arts-and-sports-schemes-of-work-term-2,1,44,156,,30,schemes-of-work/junior-secondary/grade-7/1751482081_grade-7-rationalized-creative-arts-and-sports-schemes-of-work-term-20.docx,"grade-7-rationalized-creative-arts-and-sports-schemes-of-work-term-2

Type: application/msword",3,"2025-07-02 18:48:01"
24,Grade-7-skills-in-english-schemes-of-work-term-2,1,44,156,,30,schemes-of-work/junior-secondary/grade-7/1751482165_Grade-7-skills-in-english-schemes-of-work-term-2.docx,Grade-7-skills-in-english-schemes-of-work-term-2.docx,2,"2025-07-02 18:49:25"
15,"GRADE 1 TERM 2 CRE SCHEMES .docx",1,42,150,,20,schemes-of-work/lower-primary/grade-1/1751893664_GRADE1TERM2CRESCHEMES1.docx,"Simplify your scheming with downloadable Schemes of Work tailored for Kenyan educators, organized by subject and grade.",0,"2025-07-07 13:07:44"
16,"GRADE 1 TERM 2 ENGLISH SCHEMES.docx",1,42,150,,20,schemes-of-work/lower-primary/grade-1/1751893732_GRADE1TERM2ENGLISHSCHEMES.docx,"Simplify your scheming with downloadable Schemes of Work tailored for Kenyan educators, organized by subject and grade.",0,"2025-07-07 13:08:52"
17,"GRADE 1 TERM 2 KISWAHILI SCHEMES.docx",1,42,150,,20,schemes-of-work/lower-primary/grade-1/1751893800_GRADE1TERM2KISWAHILISCHEMES.docx,"Simplify your scheming with downloadable Schemes of Work tailored for Kenyan educators, organized by subject and grade.",0,"2025-07-07 13:10:00"
18,"GRADE 1 TERM 2 MATHEMATICS SCHEMES.docx",1,42,150,,10,schemes-of-work/lower-primary/grade-1/1751893877_GRADE1TERM2MATHEMATICSSCHEMES.docx,"Simplify your scheming with downloadable Schemes of Work tailored for Kenyan educators, organized by subject and grade.",0,"2025-07-07 13:11:17"
19,"Grade_1 Environmental_Hygiene_schemes_of_work_term.",1,42,150,,10,schemes-of-work/lower-primary/grade-1/1751893998_Grade_1_Rationalized_Environmental_Hygiene_schemes_of_work_term.docx,"Simplify your scheming with downloadable Schemes of Work tailored for Kenyan educators, organized by subject and grade.",0,"2025-07-07 13:13:18"
20,Grade-1-revised-tusome-english-schemes-of-work-term-2.docx,1,42,150,,20,schemes-of-work/lower-primary/grade-1/1751894095_Grade-1-revised-tusome-english-schemes-of-work-term-2.docx,"Simplify your scheming with downloadable Schemes of Work tailored for Kenyan educators, organized by subject and grade.",0,"2025-07-07 13:14:55"
21,"PP1 KLB LANGUAGE ACTIVITIES SCHEME OF WORK TERM 2",1,42,148,,20,schemes-of-work/lower-primary/pp1/1751912613_PP1KLBLANGUAGEACTIVITIESSCHEMEOFWORKTERM2.docx,"Simplify your scheming with downloadable Schemes of Work tailored for Kenyan educators, organized by subject and grade.",0,"2025-07-07 18:23:33"
22,"PP1 ENVIRONMENTAL ACTIVITIES SCHEMES OF WORK TERM 2",1,42,148,,19,schemes-of-work/lower-primary/pp1/1751912694_PP1ENVIRONMENTALACTIVITIESSCHEMESOFWORKTERM2_.docx,"Simplify your scheming with downloadable Schemes of Work tailored for Kenyan educators, organized by subject and grade.",0,"2025-07-07 18:24:54"
23,"PP1 ENVIRONMENTAL ACTIVITIES SCHEMES OF WORK TERM 2",1,42,148,,19,schemes-of-work/lower-primary/pp1/1751912793_PP1ENVIRONMENTALACTIVITIESSCHEMESOFWORKTERM2_.docx,"Simplify your scheming with downloadable Schemes of Work tailored for Kenyan educators, organized by subject and grade.",0,"2025-07-07 18:26:33"
24,"PP1 KLB SKILLGROW MATHEMATICS ACTIVITIES SCHEMES OF WORK - TERM 2_",1,42,148,,19,schemes-of-work/lower-primary/pp1/1751912866_PP1KLBSKILLGROWMATHEMATICSACTIVITIESSCHEMESOFWORK-TERM2_.doc,"Simplify your scheming with downloadable Schemes of Work tailored for Kenyan educators, organized by subject and grade.",0,"2025-07-07 18:27:46"
25,"PP1 RATIONALIZED CRE SCHEMES OF WORK TERM 2",1,42,148,,19,schemes-of-work/lower-primary/pp1/1751912941_PP1RATIONALIZEDCRESCHEMESOFWORKTERM2_.docx,"Simplify your scheming with downloadable Schemes of Work tailored for Kenyan educators, organized by subject and grade.",0,"2025-07-07 18:29:01"
26,"PRE-PRIMARY 1 CREATIVE ARTS TERM 2",1,42,148,,20,schemes-of-work/lower-primary/pp1/1751913011_PRE-PRIMARY1CREATIVEARTSTERM2_.docx,"Simplify your scheming with downloadable Schemes of Work tailored for Kenyan educators, organized by subject and grade.",0,"2025-07-07 18:30:11"
27,"PP2 CRE SCHEMES OF WORK TERM 2",1,42,149,,21,schemes-of-work/lower-primary/pp2/1751913083_PP2CRESCHEMESOFWORKTERM2_.docx,"Simplify your scheming with downloadable Schemes of Work tailored for Kenyan educators, organized by subject and grade.",0,"2025-07-07 18:31:23"
28,"PP2 ENGLISH SCHEME OF WORK TERM 2",1,42,149,,21,schemes-of-work/lower-primary/pp2/1751913123_PP2ENGLISHSCHEMEOFWORKTERM2_.docx,"Simplify your scheming with downloadable Schemes of Work tailored for Kenyan educators, organized by subject and grade.",0,"2025-07-07 18:32:03"
29,"PP2 MATHEMATICS SCHEMES OF WORK TERM 2",1,42,149,,21,schemes-of-work/lower-primary/pp2/1751913173_PP2MATHEMATICSSCHEMESOFWORKTERM2_.docx,"Simplify your scheming with downloadable Schemes of Work tailored for Kenyan educators, organized by subject and grade.",0,"2025-07-07 18:32:53"
30,PP2-Creative-arts-activities-schemes-of-work-term-2,1,42,149,,21,schemes-of-work/lower-primary/pp2/1751913228_PP2-Creative-arts-activities-schemes-of-work-term-2.docx,"Simplify your scheming with downloadable Schemes of Work tailored for Kenyan educators, organized by subject and grade.",0,"2025-07-07 18:33:48"
31,PP2-english-schemes-of-work-term-2,1,42,149,,21,schemes-of-work/lower-primary/pp2/1751913289_PP2-english-schemes-of-work-term-2.docx,"Simplify your scheming with downloadable Schemes of Work tailored for Kenyan educators, organized by subject and grade.",0,"2025-07-07 18:34:49"
32,PP2-Environmental-activities-schemes-of-work-term-2.,1,42,149,,5,schemes-of-work/lower-primary/pp2/1751913365_PP2-Environmental-activities-schemes-of-work-term-2.docx,"Simplify your scheming with downloadable Schemes of Work tailored for Kenyan educators, organized by subject and grade.",0,"2025-07-07 18:36:05"
33,"GRADE 2 RATIONALIZED CRE SCHEME OF WORK TERM 2",1,42,151,,20,schemes-of-work/lower-primary/grade-2/1752078435_GRADE2RATIONALIZEDCRESCHEMEOFWORKTERM2_.docx,"Exclusive and well updated, CBC detailed schemes of work for grade 2",0,"2025-07-09 16:27:15"
34,"GRADE 2 RATIONALIZED ENGLISH SCHEMES OF WORK TERM 2",1,42,151,,20,schemes-of-work/lower-primary/grade-2/1752078486_GRADE2RATIONALIZEDENGLISHSCHEMESOFWORKTERM2_.docx,"Exclusive and well updated, CBC detailed schemes of work for grade 2",0,"2025-07-09 16:28:06"
35,"GRADE 2 RATIONALIZED ENVIRONMENTAL ACTIVITIES SCHEME OF WORK TERM 2",1,42,151,,20,schemes-of-work/lower-primary/grade-2/1752084062_GRADE2RATIONALIZEDENVIRONMENTALACTIVITIESSCHEMEOFWORKTERM2_.docx,"Exclusive and well updated, CBC detailed schemes of work for grade 2",0,"2025-07-09 18:01:02"
36,"GRADE 2 RATIONALIZED KISWAHILI SCHEME OF WORK TERM 2",1,42,151,,10,schemes-of-work/lower-primary/grade-2/1752084106_GRADE2RATIONALIZEDKISWAHILISCHEMEOFWORKTERM2_.docx,"Exclusive and well updated, CBC detailed schemes of work for grade 2",0,"2025-07-09 18:01:46"
37,Grade-2-kiswahili-tusome-schemes-of-work-term-2,1,42,151,,20,schemes-of-work/lower-primary/grade-2/1752084179_Grade-2-kiswahili-tusome-schemes-of-work-term-2--klb.docx,"Exclusive and well updated, CBC detailed schemes of work for grade 2",0,"2025-07-09 18:02:59"
38,Grade-2-mathematics-schemes-of-work-term-2--tusome-klb,1,42,151,,20,schemes-of-work/lower-primary/grade-2/1752084237_Grade-2-mathematics-schemes-of-work-term-2--tusome-klb0.doc,"Exclusive and well updated, CBC detailed schemes of work for grade 2",0,"2025-07-09 18:03:57"
39,Grade-2-rationalised-creative-arts-schemes-of-work-term-2,1,42,151,,20,schemes-of-work/lower-primary/grade-2/1752084284_Grade-2-rationalised-creative-arts-schemes-of-work-term-2.doc,"Exclusive and well updated, CBC detailed schemes of work for grade 2",0,"2025-07-09 18:04:44"
40,Grade-2-rationalised-creative-arts-schemes-of-work-term-2,1,42,151,,20,schemes-of-work/lower-primary/grade-2/1752084346_KISWAHILIGRADE2SCHEMESOFWORKTERM2.docx,"Exclusive and well updated, CBC detailed schemes of work for grade 2",0,"2025-07-09 18:05:46"
41,grade-3-kiswahili-schemes-of-work-term-2--klb-tusome.,1,42,152,,20,schemes-of-work/lower-primary/grade-3/1752084835_13993-grade-3-kiswahili-schemes-of-work-term-2--klb-tusome.doc,"Access well-organized Grade 3 teaching and learning resources aligned with the CBC curriculum. Includes schemes of work, notes, exams, and assessments for effective learning.",0,"2025-07-09 18:13:55"
42,grade-3-english-schemes-of-work-term-2--tusome,1,42,152,,20,schemes-of-work/lower-primary/grade-3/1752084904_14000-grade-3-english-schemes-of-work-term-2--tusome.doc,"Access well-organized Grade 3 teaching and learning resources aligned with the CBC curriculum. Includes schemes of work, notes, exams, and assessments for effective learning.",0,"2025-07-09 18:15:04"
43,"GRADE 3 RATIONALISED CREATIVES ARTS TERM 2 SCHEMES",1,42,152,,20,schemes-of-work/lower-primary/grade-3/1752084980_GRADE3RATIONALISEDCREATIVESARTSTERM2SCHEMES0.pdf,"Access well-organized Grade 3 teaching and learning resources aligned with the CBC curriculum. Includes schemes of work, notes, exams, and assessments for effective learning.",0,"2025-07-09 18:16:20"
44,"GRADE 3 RATIONALIZED CRE SCHEME OF WORK TERM 2",1,42,152,,20,schemes-of-work/lower-primary/grade-3/1752085131_GRADE3RATIONALIZEDCRESCHEMEOFWORKTERM2_0.docx,"Access well-organized Grade 3 teaching and learning resources aligned with the CBC curriculum. Includes schemes of work, notes, exams, and assessments for effective learning.",0,"2025-07-09 18:18:51"
45,"GRADE 3 RATIONALIZED ENGLISH SCHEME OF WORK TERM 2",1,42,152,,20,schemes-of-work/lower-primary/grade-3/1752085177_GRADE3RATIONALIZEDENGLISHSCHEMEOFWORKTERM2_0.docx,"Access well-organized Grade 3 teaching and learning resources aligned with the CBC curriculum. Includes schemes of work, notes, exams, and assessments for effective learning.",0,"2025-07-09 18:19:37"
46,"GRADE 3 TERM 2 ENVIRONMENTAL SCHEMES",1,42,152,,20,schemes-of-work/lower-primary/grade-3/1752085245_GRADE3TERM2ENVIRONMENTALSCHEMES0.doc,"Access well-organized Grade 3 teaching and learning resources aligned with the CBC curriculum. Includes schemes of work, notes, exams, and assessments for effective learning.",0,"2025-07-09 18:20:45"
47,"GRADE 3 TERM 2 KISWAHILI SCHEMES",1,42,152,,20,schemes-of-work/lower-primary/grade-3/1752085334_GRADE3TERM2KISWAHILISCHEMES0.docx,"Access well-organized Grade 3 teaching and learning resources aligned with the CBC curriculum. Includes schemes of work, notes, exams, and assessments for effective learning.",0,"2025-07-09 18:22:14"
48,Grade-3-klb-tusome-mathematics-schemes-of-work-term-2,1,42,152,,20,schemes-of-work/lower-primary/grade-3/1752085417_Grade-3-klb-tusome-mathematics-schemes-of-work-term-22.doc,"Access well-organized Grade 3 teaching and learning resources aligned with the CBC curriculum. Includes schemes of work, notes, exams, and assessments for effective learning.",0,"2025-07-09 18:23:37"
49,"GRADE 4 CREATIVE ARTS ACTIVITIES SCHEMES OF WORK TERM 2",1,42,,,20,schemes-of-work/lower-primary/1752085523_GRADE4CREATIVEARTSACTIVITIESSCHEMESOFWORKTERM2_.docx,"Discover a complete collection of CBC-aligned Grade 4 educational resources. Get free and premium notes, lesson plans, schemes, and termly assessments curated for Kenyan educators.",0,"2025-07-09 18:25:23"
50,"Grade 4 kiswahili term 2",1,43,153,,20,schemes-of-work/upper-primary/grade-4/1752085592_Grade4kiswahiliterm2.docx,"Discover a complete collection of CBC-aligned Grade 4 educational resources. Get free and premium notes, lesson plans, schemes, and termly assessments curated for Kenyan educators.",0,"2025-07-09 18:26:32"
51,"GRADE 4 RATIONALISED SCIENCE AND TECHNOLOGY SCHEMES OF WORK TERM 2",1,43,153,,21,schemes-of-work/upper-primary/grade-4/1752085647_GRADE4RATIONALISEDSCIENCEANDTECHNOLOGYSCHEMESOFWORKTERM2_.docx,"Discover a complete collection of CBC-aligned Grade 4 educational resources. Get free and premium notes, lesson plans, schemes, and termly assessments curated for Kenyan educators.",0,"2025-07-09 18:27:27"
52,"GRADE 4 RATIONALIZED CRE SCHEMES OF TERM 2_",1,43,153,,21,schemes-of-work/upper-primary/grade-4/1752085705_GRADE4RATIONALIZEDCRESCHEMESOFTERM2_.docx,"Discover a complete collection of CBC-aligned Grade 4 educational resources. Get free and premium notes, lesson plans, schemes, and termly assessments curated for Kenyan educators.",0,"2025-07-09 18:28:25"
53,"GRADE 4 TERM 2 CRE SCHEMES",1,43,153,,21,schemes-of-work/upper-primary/grade-4/1752085758_GRADE4TERM2CRESCHEMES.docx,"Discover a complete collection of CBC-aligned Grade 4 educational resources. Get free and premium notes, lesson plans, schemes, and termly assessments curated for Kenyan educators.",0,"2025-07-09 18:29:18"
54,"GRADE 4 TERM 2 ENGLISH SCHEMES.",1,43,153,,21,schemes-of-work/upper-primary/grade-4/1752085814_GRADE4TERM2ENGLISHSCHEMES.docx,"Discover a complete collection of CBC-aligned Grade 4 educational resources. Get free and premium notes, lesson plans, schemes, and termly assessments curated for Kenyan educators.",0,"2025-07-09 18:30:14"
55,"GRADE 4 TERM 2 FRENCH SCHEMES",1,43,153,,21,schemes-of-work/upper-primary/grade-4/1752085899_GRADE4TERM2FRENCHSCHEMES1.docx,"Discover a complete collection of CBC-aligned Grade 4 educational resources. Get free and premium notes, lesson plans, schemes, and termly assessments curated for Kenyan educators.",0,"2025-07-09 18:31:39"
56,"GRADE 4 TERM 2 KISWAHILI SCHEMES.",1,43,153,,21,schemes-of-work/upper-primary/grade-4/1752085950_GRADE4TERM2KISWAHILISCHEMES.docx,"Discover a complete collection of CBC-aligned Grade 4 educational resources. Get free and premium notes, lesson plans, schemes, and termly assessments curated for Kenyan educators.",0,"2025-07-09 18:32:30"
57,"GRADE 4 TERM 2 MATHEMATICS SCHEMES",1,43,153,,21,schemes-of-work/upper-primary/grade-4/1752086676_GRADE4TERM2MATHEMATICSSCHEMES.docx,"Discover a complete collection of CBC-aligned Grade 4 educational resources. Get free and premium notes, lesson plans, schemes, and termly assessments curated for Kenyan educators.",0,"2025-07-09 18:44:36"
58,"GRADE 4-rationalised-agriculture-and nutrition schemes of work term 2",1,43,153,,21,schemes-of-work/upper-primary/grade-4/1752086723_GRADE4-rationalised-agriculture-andnutritionschemesofworkterm2.doc,"Discover a complete collection of CBC-aligned Grade 4 educational resources. Get free and premium notes, lesson plans, schemes, and termly assessments curated for Kenyan educators.",0,"2025-07-09 18:45:23"
59,Grade-4-rationalised-agriculture-and-nutrition-schemes-of-work-term-2,1,43,153,,21,schemes-of-work/upper-primary/grade-4/1752086813_Grade-4-rationalised-agriculture-and-nutrition-schemes-of-work-term-2.doc,"Discover a complete collection of CBC-aligned Grade 4 educational resources. Get free and premium notes, lesson plans, schemes, and termly assessments curated for Kenyan educators.",0,"2025-07-09 18:46:53"
60,Grade-4-rationalised-english-schemes-of-work-term-2--longhorn,1,43,153,,21,schemes-of-work/upper-primary/grade-4/1752086866_Grade-4-rationalised-english-schemes-of-work-term-2--longhorn.doc,"Discover a complete collection of CBC-aligned Grade 4 educational resources. Get free and premium notes, lesson plans, schemes, and termly assessments curated for Kenyan educators.",0,"2025-07-09 18:47:46"
61,Grade-4-rationalized-klb-visionary-mathematics-schemes-of-work-term-2,1,43,153,,21,schemes-of-work/upper-primary/grade-4/1752086913_Grade-4-rationalized-klb-visionary-mathematics-schemes-of-work-term-2.docx,"Discover a complete collection of CBC-aligned Grade 4 educational resources. Get free and premium notes, lesson plans, schemes, and termly assessments curated for Kenyan educators.",0,"2025-07-09 18:48:33"
62,grade-4-social-studies-cbc-schemes-of-work-term-2,1,43,153,,21,schemes-of-work/upper-primary/grade-4/1752086964_grade-4-social-studies-cbc-schemes-of-work-term-21.doc,"Discover a complete collection of CBC-aligned Grade 4 educational resources. Get free and premium notes, lesson plans, schemes, and termly assessments curated for Kenyan educators.",0,"2025-07-09 18:49:24"
63,"GRADE 5 TERM 2 CRE SCHEMES (planet).",1,43,154,,21,schemes-of-work/upper-primary/grade-5/1752087041_GRADE5TERM2CRESCHEMESplanet.docx,"Discover a complete collection of CBC-aligned Grade 5 educational resources. Get free and premium notes, lesson plans, schemes, and termly assessments curated for Kenyan educators.",0,"2025-07-09 18:50:41"
64,"GRADE 5 TERM 2 KISWAHILI SCHEMES",1,43,154,,21,schemes-of-work/upper-primary/grade-5/1752087099_GRADE5TERM2KISWAHILISCHEMES.docx,"Discover a complete collection of CBC-aligned Grade 5 educational resources. Get free and premium notes, lesson plans, schemes, and termly assessments curated for Kenyan educators.",0,"2025-07-09 18:51:39"
65,Grade-5-rationalised-creative-arts-schemes-of-work-term-2,1,43,154,,21,schemes-of-work/upper-primary/grade-5/1752087632_Grade-5-rationalised-creative-arts-schemes-of-work-term-2.docx,"Discover a complete collection of CBC-aligned Grade 5 educational resources. Get free and premium notes, lesson plans, schemes, and termly assessments curated for Kenyan educators.",0,"2025-07-09 19:00:32"
66,Grade-5-rationalized-agriculture-and-nutrition-schemes-of-work-term-2,1,43,154,,21,schemes-of-work/upper-primary/grade-5/1752087700_Grade-5-rationalized-agriculture-and-nutrition-schemes-of-work-term-2.doc,"Discover a complete collection of CBC-aligned Grade 5 educational resources. Get free and premium notes, lesson plans, schemes, and termly assessments curated for Kenyan educators.",0,"2025-07-09 19:01:40"
67,Grade-5-rationalized-english-schemes-of-work-term-2--skills-in-english,1,43,154,,21,schemes-of-work/upper-primary/grade-5/1752087774_Grade-5-rationalized-english-schemes-of-work-term-2--skills-in-english.docx,"Discover a complete collection of CBC-aligned Grade 5 educational resources. Get free and premium notes, lesson plans, schemes, and termly assessments curated for Kenyan educators.",0,"2025-07-09 19:02:54"
68,Grade-5-rationalized-science-and-technology-schemes-of-work-term-2,1,43,154,,21,schemes-of-work/upper-primary/grade-5/1752087870_Grade-5-rationalized-science-and-technology-schemes-of-work-term-2.docx,"Discover a complete collection of CBC-aligned Grade 5 educational resources. Get free and premium notes, lesson plans, schemes, and termly assessments curated for Kenyan educators.",0,"2025-07-09 19:04:30"
69,Grade-5-rationalized-social-studies-schemes-of-work-term-2--our-lives-today,1,43,154,,21,schemes-of-work/upper-primary/grade-5/1752088025_Grade-5-rationalized-social-studies-schemes-of-work-term-2--our-lives-today.docx,"Discover a complete collection of CBC-aligned Grade 5 educational resources. Get free and premium notes, lesson plans, schemes, and termly assessments curated for Kenyan educators.",0,"2025-07-09 19:07:05"
70,klb-visionary-grade-5-maths-schemes-of-work-term-2,1,43,154,,21,schemes-of-work/upper-primary/grade-5/1752088100_klb-visionary-grade-5-maths-schemes-of-work-term-2.doc,"Discover a complete collection of CBC-aligned Grade 5 educational resources. Get free and premium notes, lesson plans, schemes, and termly assessments curated for Kenyan educators.",0,"2025-07-09 19:08:20"
71,"GRADE 6 TERM 2 CRE SCHEMES OF WORK growin in Christ",1,43,155,,22,schemes-of-work/upper-primary/grade-6/1752088331_GRADE6TERM2CRESCHEMESOFWORKgrowininChrist-1.docx,"Discover a complete collection of CBC-aligned Grade 6 educational resources. Get free and premium notes, lesson plans, schemes, and termly assessments curated for Kenyan educators.",0,"2025-07-09 19:12:11"
72,"GRADE 6 TERM 2 CRE SCHEMES.",1,43,155,,22,schemes-of-work/upper-primary/grade-6/1752088451_GRADE6TERM2CRESCHEMES.docx,"Discover a complete collection of CBC-aligned Grade 6 educational resources. Get free and premium notes, lesson plans, schemes, and termly assessments curated for Kenyan educators.",0,"2025-07-09 19:14:11"
73,"GRADE 6 TERM 2 RATIONALIZED AGRI NUTRITION SCHEMES",1,43,155,,22,schemes-of-work/upper-primary/grade-6/1752088499_GRADE6TERM2RATIONALIZEDAGRINUTRITIONSCHEMES2024-1.doc,"Discover a complete collection of CBC-aligned Grade 6 educational resources. Get free and premium notes, lesson plans, schemes, and termly assessments curated for Kenyan educators.",0,"2025-07-09 19:14:59"
74,Grade-6-agriculture-and-nutrition-schemes-of-work-term-2--rationalised.,1,43,155,,22,schemes-of-work/upper-primary/grade-6/1752088766_Grade-6-agriculture-and-nutrition-schemes-of-work-term-2--rationalised.doc,"Discover a complete collection of CBC-aligned Grade 6 educational resources. Get free and premium notes, lesson plans, schemes, and termly assessments curated for Kenyan educators.",0,"2025-07-09 19:19:26"
75,Grade-6-rationalised-creative-arts-and-sports-schemes-of-work-term-2,1,43,155,,22,schemes-of-work/upper-primary/grade-6/1752088892_Grade-6-rationalised-creative-arts-and-sports-schemes-of-work-term-2.doc,"Discover a complete collection of CBC-aligned Grade 6 educational resources. Get free and premium notes, lesson plans, schemes, and termly assessments curated for Kenyan educators.",0,"2025-07-09 19:21:32"
76,Grade-6-rationalized-english-schemes-of-work-term-2--new-jkf.,1,43,155,,22,schemes-of-work/upper-primary/grade-6/1752088986_Grade-6-rationalized-english-schemes-of-work-term-2--new-jkf.doc,"Discover a complete collection of CBC-aligned Grade 6 educational resources. Get free and premium notes, lesson plans, schemes, and termly assessments curated for Kenyan educators.",0,"2025-07-09 19:23:06"
77,Grade-6-social-studies-schemes-of-work-term-2--klb-visionary,1,43,155,,22,schemes-of-work/upper-primary/grade-6/1752089059_Grade-6-social-studies-schemes-of-work-term-2--klb-visionary.docx,"Discover a complete collection of CBC-aligned Grade 6 educational resources. Get free and premium notes, lesson plans, schemes, and termly assessments curated for Kenyan educators.",0,"2025-07-09 19:24:19"
78,Grade-6-social-studies-schemes-of-work-term-2--spotlight.,1,43,155,,22,schemes-of-work/upper-primary/grade-6/1752089194_Grade-6-social-studies-schemes-of-work-term-2--spotlight.docx,"Discover a complete collection of CBC-aligned Grade 6 educational resources. Get free and premium notes, lesson plans, schemes, and termly assessments curated for Kenyan educators.",0,"2025-07-09 19:26:34"
79,"GRADE 8 TERM 2 2024 RATIONALIZED ENGLISH SCHEMES OF WORK-1",1,44,157,,23,schemes-of-work/junior-secondary/grade-8/1752089681_GRADE8TERM22024RATIONALIZEDENGLISHSCHEMESOFWORK-10.docx,"Discover a complete collection of CBC-aligned Grade 8 educational resources. Get free and premium notes, lesson plans, schemes, and termly assessments curated for Kenyan educators.",0,"2025-07-09 19:34:41"
80,"GRADE 8 TERM 2 CRE SCHEMES.",1,44,157,,23,schemes-of-work/junior-secondary/grade-8/1752089846_GRADE8TERM2CRESCHEMES.doc,"Discover a complete collection of CBC-aligned Grade 8 educational resources. Get free and premium notes, lesson plans, schemes, and termly assessments curated for Kenyan educators.",0,"2025-07-09 19:37:26"
81,"GRADE 8 TERM 2 ENGLISH SCHEMES",1,44,157,,23,schemes-of-work/junior-secondary/grade-8/1752089903_GRADE8TERM2ENGLISHSCHEMES.doc,"Discover a complete collection of CBC-aligned Grade 8 educational resources. Get free and premium notes, lesson plans, schemes, and termly assessments curated for Kenyan educators.",0,"2025-07-09 19:38:23"
82,"GRADE 8 TERM 2 INTEGRATED SCIENCE SCHEMES",1,44,157,,23,schemes-of-work/junior-secondary/grade-8/1752090022_GRADE8TERM2INTEGRATEDSCIENCESCHEMESmentor.doc,"Discover a complete collection of CBC-aligned Grade 8 educational resources. Get free and premium notes, lesson plans, schemes, and termly assessments curated for Kenyan educators.",0,"2025-07-09 19:40:22"
83,"GRADE 8 TERM 2 KISWAHILI SCHEMES klb-1",1,44,157,,23,schemes-of-work/junior-secondary/grade-8/1752090220_GRADE8TERM2KISWAHILISCHEMESklb-1.doc,"Discover a complete collection of CBC-aligned Grade 8 educational resources. Get free and premium notes, lesson plans, schemes, and termly assessments curated for Kenyan educators.",0,"2025-07-09 19:43:40"
84,"GRADE 8 TERM 2 MATHEMATICS SCHEMES klb",1,44,157,,23,schemes-of-work/junior-secondary/grade-8/1752090274_GRADE8TERM2MATHEMATICSSCHEMESklb0.docx,"Discover a complete collection of CBC-aligned Grade 8 educational resources. Get free and premium notes, lesson plans, schemes, and termly assessments curated for Kenyan educators.",0,"2025-07-09 19:44:34"
85,Grade-8-klb-top-scholar-kiswahili-schemes-of-work-term-2-rationalsied,1,44,157,,23,schemes-of-work/junior-secondary/grade-8/1752090376_Grade-8-klb-top-scholar-kiswahili-schemes-of-work-term-2-rationalsied.docx,"Discover a complete collection of CBC-aligned Grade 8 educational resources. Get free and premium notes, lesson plans, schemes, and termly assessments curated for Kenyan educators.",0,"2025-07-09 19:46:16"
86,grade-8-pre-technical-studies-schemes-of-work-term-2-merged,1,44,157,,23,schemes-of-work/junior-secondary/grade-8/1752090597_grade-8-pre-technical-studies-schemes-of-work-term-2-merged1.docx,"Discover a complete collection of CBC-aligned Grade 8 educational resources. Get free and premium notes, lesson plans, schemes, and termly assessments curated for Kenyan educators.",0,"2025-07-09 19:49:57"
87,Grade-8-rationalised-agriculture-and-nutrition-schemes-of-work-term-2--mtp,1,44,157,,23,schemes-of-work/junior-secondary/grade-8/1752090717_Grade-8-rationalised-agriculture-and-nutrition-schemes-of-work-term-2--mtp0.doc,"Discover a complete collection of CBC-aligned Grade 8 educational resources. Get free and premium notes, lesson plans, schemes, and termly assessments curated for Kenyan educators.",0,"2025-07-09 19:51:57"
88,grade-8-rationalised-creative-arts-and-sports-schemes-of-work-term-2,1,44,157,,23,schemes-of-work/junior-secondary/grade-8/1752090892_grade-8-rationalised-creative-arts-and-sports-schemes-of-work-term-20.docx,"Discover a complete collection of CBC-aligned Grade 8 educational resources. Get free and premium notes, lesson plans, schemes, and termly assessments curated for Kenyan educators.",0,"2025-07-09 19:54:52"
89,grade-8-rationalised-kiswahili-schemes-of-work-term-2-akili-pevu,1,44,157,,23,schemes-of-work/junior-secondary/grade-8/1752091005_grade-8-rationalised-kiswahili-schemes-of-work-term-2-akili-pevu0.docx,"Discover a complete collection of CBC-aligned Grade 8 educational resources. Get free and premium notes, lesson plans, schemes, and termly assessments curated for Kenyan educators.",0,"2025-07-09 19:56:45"
90,grade-8-rationalised-smart-minds-english-schemes-of-work-term-2,1,44,157,,23,schemes-of-work/junior-secondary/grade-8/1752091078_grade-8-rationalised-smart-minds-english-schemes-of-work-term-2.docx,"Discover a complete collection of CBC-aligned Grade 8 educational resources. Get free and premium notes, lesson plans, schemes, and termly assessments curated for Kenyan educators.",0,"2025-07-09 19:57:58"
91,grade-8-rationalised-social-studies-schemes-of-work-term-2-updated,1,44,157,,23,schemes-of-work/junior-secondary/grade-8/1752091264_grade-8-rationalised-social-studies-schemes-of-work-term-2-updated.docx,"Discover a complete collection of CBC-aligned Grade 8 educational resources. Get free and premium notes, lesson plans, schemes, and termly assessments curated for Kenyan educators.",0,"2025-07-09 20:01:04"
92,grade-8-rationalized-french-scheme-of-work-term-2,1,44,157,,23,schemes-of-work/junior-secondary/grade-8/1752096065_grade-8-rationalized-french-scheme-of-work-term-20.docx,"Discover a complete collection of CBC-aligned Grade 8 educational resources. Get free and premium notes, lesson plans, schemes, and termly assessments curated for Kenyan educators.",0,"2025-07-09 21:21:05"
93,grade-8-rationalised-spotlight-integrated-science-schemes-of-work-term-2.docx,1,44,157,,23,schemes-of-work/junior-secondary/grade-8/1752096103_grade-8-rationalised-spotlight-integrated-science-schemes-of-work-term-2.docx,"Discover a complete collection of CBC-aligned Grade 8 educational resources. Get free and premium notes, lesson plans, schemes, and termly assessments curated for Kenyan educators.",0,"2025-07-09 21:21:43"
94,grade-8-rationalised-social-studies-schemes-of-work-term-2-updated.docx,1,44,157,,23,schemes-of-work/junior-secondary/grade-8/1752096157_grade-8-rationalised-social-studies-schemes-of-work-term-2-updated.docx,"Discover a complete collection of CBC-aligned Grade 8 educational resources. Get free and premium notes, lesson plans, schemes, and termly assessments curated for Kenyan educators.",1,"2025-07-09 21:22:37"
95,2025-grade-9-smart-minds-social-studies-schemes-of-work-term-2,1,44,158,,24,schemes-of-work/junior-secondary/grade-9/1752096217_2025-grade-9-smart-minds-social-studies-schemes-of-work-term-2-04-24-dec-22-08-56.doc,"Discover a complete collection of CBC-aligned Grade 9 educational resources. Get free and premium notes, lesson plans, schemes, and termly assessments curated for Kenyan educators.",0,"2025-07-09 21:23:37"
96,GRADE-9-RATIONALIZED-CRE-SCHEMES-OF-WORK-TERM-2,1,44,158,,24,schemes-of-work/junior-secondary/grade-9/1752096284_GRADE-9-RATIONALIZED-CRE-SCHEMES-OF-WORK-TERM-2-2025-TEACHER_CO_KE.docx,"Discover a complete collection of CBC-aligned Grade 8 educational resources. Get free and premium notes, lesson plans, schemes, and termly assessments curated for Kenyan educators.",0,"2025-07-09 21:24:44"
97,Grade-9-rationalized-english-schemes-of-work-term-2--skills-in-english,1,44,158,,24,schemes-of-work/junior-secondary/grade-9/1752096390_Grade-9-rationalized-english-schemes-of-work-term-2--skills-in-english.docx,"Get updated Grade 9 JSS materials—curriculum designs, schemes, lesson plans, and notes developed for CBC classrooms. Ideal for exam preparation and lesson delivery.",0,"2025-07-09 21:26:30"
98,Grade-9-rationalized-kiswahili-schemes-of-work-term-2--klb-top-scholar.docx,1,44,158,,24,schemes-of-work/junior-secondary/grade-9/1752096449_Grade-9-rationalized-kiswahili-schemes-of-work-term-2--klb-top-scholar.docx,"Get updated Grade 9 JSS materials—curriculum designs, schemes, lesson plans, and notes developed for CBC classrooms. Ideal for exam preparation and lesson delivery.",0,"2025-07-09 21:27:29"
99,Grade-9-rationalized-mathematics-schemes-of-work-term-2--klb-top-scholar.docx,1,44,158,,24,schemes-of-work/junior-secondary/grade-9/1752096504_Grade-9-rationalized-mathematics-schemes-of-work-term-2--klb-top-scholar.docx,"Get updated Grade 9 JSS materials—curriculum designs, schemes, lesson plans, and notes developed for CBC classrooms. Ideal for exam preparation and lesson delivery.",0,"2025-07-09 21:28:24"
100,Grade-9-rationalized-pre-technical-schemes-of-work-term-2.docx,1,44,158,,24,schemes-of-work/junior-secondary/grade-9/1752096573_Grade-9-rationalized-pre-technical-schemes-of-work-term-2.docx,"Get updated Grade 9 JSS materials—curriculum designs, schemes, lesson plans, and notes developed for CBC classrooms. Ideal for exam preparation and lesson delivery.",0,"2025-07-09 21:29:33"
101,"AGRI_LESSON PLAN GRADE 7 TERM 2.docx",4,7,25,74,10,lesson-plans/junior-secondary/grade-7/term-2/1752097021_AGRI_GRADE7TERM2.docx,"Get updated Grade 9 JSS materials—curriculum designs, schemes, lesson plans, and notes developed for CBC classrooms. Ideal for exam preparation and lesson delivery.",0,"2025-07-09 21:37:01"
102,"CRE G9 LP T2 CRE.docx",4,7,27,80,15,lesson-plans/junior-secondary/grade-9/term-2/1752097096_CREG9LPT2CRE.docx,"Get updated Grade 9 JSS materials—curriculum designs, schemes, lesson plans, and notes developed for CBC classrooms. Ideal for exam preparation and lesson delivery.",0,"2025-07-09 21:38:16"
103,"CRE G9 LP T2.docx",4,7,27,80,15,lesson-plans/junior-secondary/grade-9/term-2/1752097194_CREG9LPT2.docx,"Get updated Grade 9 JSS materials—curriculum designs, schemes, lesson plans, and notes developed for CBC classrooms. Ideal for exam preparation and lesson delivery.",0,"2025-07-09 21:39:54"
104,"GRADE 9 IRE NOTES.docx",6,16,58,,40,jss-notes-topical/junior-secondary/grade-9/1752485438_GRADE9IRENOTES.docx,"Simplify your lesson with downloadable lesson notes tailored for Kenyan teachers, organized by subject and grade.",0,"2025-07-14 09:30:38"
105,"CRE GRADE 9 NOTES.docx",6,16,58,,40,jss-notes-topical/junior-secondary/grade-9/1752485520_CREGRADE9NOTES.docx,"Simplify your lesson with downloadable lesson notes tailored for Kenyan teachers, organized by subject and grade.",0,"2025-07-14 09:32:00"
106,"CRE G9 LESSON NOTES.docx",6,16,58,,10,jss-notes-topical/junior-secondary/grade-9/1752485634_CREG9LESSONNOTES.docx,"G9 CRE Notes Continuation ..................",0,"2025-07-14 09:33:54"
107,"AGRI G8 RATIONALISED NOTES.docx",6,16,57,,40,jss-notes-topical/junior-secondary/grade-8/1752490979_AGRIG8RATIONALISEDNOTES.docx,"Simplify your lesson with downloadable lesson notes tailored for Kenyan teachers, organized by subject and grade.
-Contains Term 1 and Two lessons",0,"2025-07-14 11:02:59"
108,"CAS G4 RATIONALISED NOTES.docx",2,2,6,17,30,primary-notes/upper-primary/grade-4/term-2/1752491065_CASG4RATIONALISEDNOTES.docx,"Simplify your lesson with downloadable lesson notes tailored for Kenyan teachers, organized by subject and grade.
-Contains Term 1 and Two lessons",0,"2025-07-14 11:04:25"
109,"CRE G6 LESSON NOTES.docx",2,2,8,23,30,primary-notes/upper-primary/grade-6/term-2/1752491296_CREG6LESSONNOTES.docx,"Simplify your lesson with downloadable lesson notes tailored for Kenyan teachers, organized by subject and grade.
-Contains Term 1 and Two lessons",0,"2025-07-14 11:08:16"
110,"CRE G9 LESSON NOTES (2).docx",6,16,58,,40,jss-notes-topical/junior-secondary/grade-9/1752491409_CREG9LESSONNOTES2.docx,"Simplify your lesson with downloadable lesson notes tailored for Kenyan teachers, organized by subject and grade.
-Contains Term 1 and Two lessons",0,"2025-07-14 11:10:09"
111,"CRE GRADE 6 NOTES.docx",2,2,8,23,40,primary-notes/upper-primary/grade-6/term-2/1752491665_CREGRADE6NOTES.docx,"Simplify your lesson with downloadable lesson notes tailored for Kenyan teachers, organized by subject and grade.
-Contains Term 1 and Two lessons",0,"2025-07-14 11:14:25"
112,"ENGLISH LESSON NOTES G9.docx",6,16,58,,40,jss-notes-topical/junior-secondary/grade-9/1752492196_ENGLISHLESSONNOTESG9.docx,"Simplify your lesson with downloadable lesson notes tailored for Kenyan teachers, organized by subject and grade.
-Contains Term 1 and Two lessons",0,"2025-07-14 11:23:16"
113,"G4 SCI-tech rationalised notes.docx",2,2,6,17,40,primary-notes/upper-primary/grade-4/term-2/1752492661_G4SCItechrationalisednotes.docx,"Simplify your lesson with downloadable lesson notes tailored for Kenyan teachers, organized by subject and grade.
-Contains Term 1 and Two lessons",0,"2025-07-14 11:31:01"
114,"G4 SOCIAL STUDIES RATIONALISED NOTES -.docx",2,2,6,17,40,primary-notes/upper-primary/grade-4/term-2/1752492903_G4SSTRATIONALISEDNOTES-.docx,"Simplify your lesson with downloadable lesson notes tailored for Kenyan teachers, organized by subject and grade.
-Contains Term 1 and Two lessons",0,"2025-07-14 11:35:03"
115,"GR 8 TERM 2 AGRI NUTRITION NOTES.doc",6,16,57,,30,jss-notes-topical/junior-secondary/grade-8/1752521215_GR8TERM2AGRINUTRITIONNOTES.doc,"Simplify your lesson with downloadable lesson notes tailored for Kenyan teachers, organized by subject and grade.
-Contains Term 1 and Two lessons",0,"2025-07-14 19:26:55"
116,"Grade 3 Rationalized Creative Arts Notes Term 1.docx",2,1,5,13,30,primary-notes/lower-primary/grade-3/term-1/1752521291_Grade3RationalizedCreativeArtsNotesTerm1.docx,"Simplify your lesson with downloadable lesson notes tailored for Kenyan teachers, organized by subject and grade.
-Contains Term 1 and Two lessons",0,"2025-07-14 19:28:11"
117,"GRADE 6 CREATIVE ARTS NOTES.docx",2,1,5,14,30,primary-notes/lower-primary/grade-3/term-2/1752521429_GRADE6CREATIVEARTSNOTES.docx,"Simplify your lesson with downloadable lesson notes tailored for Kenyan teachers, organized by subject and grade.
-Contains Term 1 and Two lessons",0,"2025-07-14 19:30:29"
118,"GRADE 6 IRE NOTES.docx",2,2,8,23,30,primary-notes/upper-primary/grade-6/term-2/1752521542_GRADE6IRENOTES.docx,"Simplify your lesson with downloadable lesson notes tailored for Kenyan teachers, organized by subject and grade.
-Contains Term 1 and Two lessons",0,"2025-07-14 19:32:22"
119,"GRADE 7 CRE NOTES complete.docx",6,16,56,,40,jss-notes-topical/junior-secondary/grade-7/1752521625_GRADE7CRENOTEScomplete.docx,"Simplify your lesson with downloadable lesson notes tailored for Kenyan teachers, organized by subject and grade.
-Contains Term 1 and Two lessons",0,"2025-07-14 19:33:45"
120,"GRADE 9 IRE NOTES v2.docx",6,16,58,,30,jss-notes-topical/junior-secondary/grade-9/1752521718_GRADE9IRENOTESv2.docx,"Simplify your lesson with downloadable lesson notes tailored for Kenyan teachers, organized by subject and grade.
-Contains Term 1 and Two lessons-COMPLETE NOTES",0,"2025-07-14 19:35:18"
121,"kiswahili-mufti-notes-form-3 .docx",8,18,64,,30,secondary-notes/secondary/form-3/1752557841_kiswahili-mufti-notes-form-31.docx,"Simplify your lesson with downloadable lesson notes tailored for Kenyan teachers, organized by subject and grade.
-Contains Term 1 and Two lessons-COMPLETE NOTES",0,"2025-07-15 05:37:21"
122,"NEW AGRI G4 RATIONALISED NOTES.docx",2,2,6,17,30,primary-notes/upper-primary/grade-4/term-2/1752557918_NEWAGRIG4RATIONALISEDNOTES.docx,"Simplify your lesson with downloadable lesson notes tailored for Kenyan teachers, organized by subject and grade.
-Contains Term 1 and Two lessons-COMPLETE NOTES",0,"2025-07-15 05:38:38"
123,"NEW AGRI G5 RATIONALISED NOTES.docx",2,2,7,20,40,primary-notes/upper-primary/grade-5/term-2/1752558026_NEWAGRIG5RATIONALISEDNOTES.docx,"Simplify your lesson with downloadable lesson notes tailored for Kenyan teachers, organized by subject and grade.
-Contains Term 1, Term 2, and Term  3 lessons-COMPLETE NOTES",0,"2025-07-15 05:40:26"
124,"NEW AGRI G7 RATIONALISED NOTES.docx",6,16,56,,30,jss-notes-topical/junior-secondary/grade-7/1752558097_NEWAGRIG7RATIONALISEDNOTES.docx,"Simplify your lesson with downloadable lesson notes tailored for Kenyan teachers, organized by subject and grade.
-Contains Term 1, Term 2, and Term  3 lessons-COMPLETE NOTES",0,"2025-07-15 05:41:37"
125,"NEW CAS G6 RATIONALISED NOTES.docx",2,2,8,23,30,primary-notes/upper-primary/grade-6/term-2/1752558169_NEWCASG6RATIONALISEDNOTES.docx,"Simplify your lesson with downloadable lesson notes tailored for Kenyan teachers, organized by subject and grade.
-Contains Term 1, Term 2, and Term  3 lessons-COMPLETE NOTES",0,"2025-07-15 05:42:49"
126,"NEW CAS G8 RATIONALISED NOTES.docx",6,16,57,,40,jss-notes-topical/junior-secondary/grade-8/1752558259_NEWCASG8RATIONALISEDNOTES.docx,"Simplify your lesson with downloadable lesson notes tailored for Kenyan teachers, organized by subject and grade.
-Contains Term 1, Term 2, and Term  3 lessons-COMPLETE NOTES",0,"2025-07-15 05:44:19"
127,"NEW kisw G4 RATIONALISED NOTES.docx",2,2,6,17,40,primary-notes/upper-primary/grade-4/term-2/1752558354_NEWkiswG4RATIONALISEDNOTES.docx,"Simplify your lesson with downloadable lesson notes tailored for Kenyan teachers, organized by subject and grade.
-Contains Term 1, Term 2, and Term  3 lessons-COMPLETE NOTES",0,"2025-07-15 05:45:54"
128,"NEW PRE TECH G7 LESSON NOTES.docx",6,16,56,,40,jss-notes-topical/junior-secondary/grade-7/1752558474_NEWPRETECHG7LESSONNOTES.docx,"Simplify your lesson with downloadable lesson notes tailored for Kenyan teachers, organized by subject and grade.
-Contains Term 1, Term 2, and Term  3 lessons-COMPLETE NOTES",0,"2025-07-15 05:47:54"
129,"NEW rationalised INT SCI G7 LESSON NOTES.docx",6,16,56,,30,jss-notes-topical/junior-secondary/grade-7/1752558616_NEWrationalisedINTSCIG7LESSONNOTES.docx,"Simplify your lesson with downloadable lesson notes tailored for Kenyan teachers, organized by subject and grade.
-Contains Term 1, Term 2, and Term  3 lessons-COMPLETE NOTES",0,"2025-07-15 05:50:16"
130,"NEW rationalised SST G4 LESSON NOTES.docx",2,2,6,17,40,primary-notes/upper-primary/grade-4/term-2/1752558775_NEWrationalisedSSTG4LESSONNOTES.docx,"Simplify your lesson with downloadable lesson notes tailored for Kenyan teachers, organized by subject and grade.
-Contains Term 1, Term 2, and Term  3 lessons-COMPLETE NOTES",0,"2025-07-15 05:52:55"
131,"NEW SCI n TECH G5 LESSON NOTES.docx",2,2,7,20,30,primary-notes/upper-primary/grade-5/term-2/1752559210_NEWSCInTECHG5LESSONNOTES.docx,"Simplify your lesson with downloadable lesson notes tailored for Kenyan teachers, organized by subject and grade.
-Contains Term 1, Term 2, and Term  3 lessons-COMPLETE NOTES",0,"2025-07-15 06:00:10"
132,"NEW SCI n TECH G6 LESSON NOTES.docx",2,2,8,23,30,primary-notes/upper-primary/grade-6/term-2/1752559270_NEWSCInTECHG6LESSONNOTES.docx,"Simplify your lesson with downloadable lesson notes tailored for Kenyan teachers, organized by subject and grade.
-Contains Term 1, Term 2, and Term  3 lessons-COMPLETE NOTES",0,"2025-07-15 06:01:10"
133,"NEW SST G7 LESSON NOTES.docx",6,16,56,,30,jss-notes-topical/junior-secondary/grade-7/1752559893_NEWSSTG7LESSONNOTES.docx,"Simplify your lesson with downloadable lesson notes tailored for Kenyan teachers, organized by subject and grade.
-Contains Term 1, Term 2, and Term  3 lessons-COMPLETE NOTES",0,"2025-07-15 06:11:33"
134,"SST G4 LESSON NOTES.docx",2,2,6,17,30,primary-notes/upper-primary/grade-4/term-2/1752559964_SSTG4LESSONNOTES.docx,"Simplify your lesson with downloadable lesson notes tailored for Kenyan teachers, organized by subject and grade.
-Contains Term 1, Term 2, and Term  3 lessons-COMPLETE NOTES",0,"2025-07-15 06:12:44"
135,"SST G8 LESSON NOTES.docx",6,16,57,,40,jss-notes-topical/junior-secondary/grade-8/1752560286_SSTG8LESSONNOTES.docx,"Simplify your lesson with downloadable lesson notes tailored for Kenyan teachers, organized by subject and grade.
-Contains Term 1, Term 2, and Term  3 lessons-COMPLETE NOTES",0,"2025-07-15 06:18:06"
136,"SST G9 LESSON NOTES.docx",6,16,58,,40,jss-notes-topical/junior-secondary/grade-9/1752560387_SSTG9LESSONNOTES.docx,"Simplify your lesson with downloadable lesson notes tailored for Kenyan teachers, organized by subject and grade.
-Contains Term 1, Term 2, and Term  3 lessons-COMPLETE NOTES",0,"2025-07-15 06:19:47"
137,"GRADE-7- mathematics-lesson-plans-term-2",4,7,25,74,20,lesson-plans/junior-secondary/grade-7/term-2/1752605867_TERM2.gr-7-mathematics-lesson-plans-term-2-1.doc,"Simplify your lesson with downloadable lesson Plans tailored for Kenyan teachers, organized by subject and grade.
-Contains Term 1, Term 2, and Term  3 lessons-COMPLETE LESSON PLANS",0,"2025-07-15 18:57:47"
138,"TERM 2.gr-7-Kisw.grade-7-klb-top-scholar-kiswahili-lesson-plan-term-2.docx",4,7,25,74,10,lesson-plans/junior-secondary/grade-7/term-2/1752608780_.TERM2.gr-7-Kisw.grade-7-klb-top-scholar-kiswahili-lesson-plan-term-2.docx,"Simplify your lesson with downloadable lesson Plans tailored for Kenyan teachers, CBC compliant, organized by subject and grade.
-Contains Term 2 lesson plans-COMPLETE LESSON PLANS",0,"2025-07-15 19:46:20"
139,"Grade 8 CRE Term 2 Lesson Plans.docx",4,7,26,77,15,lesson-plans/junior-secondary/grade-8/term-2/1752608825_Grade8CRETerm2LessonPlans.docx,"Simplify your lesson with downloadable lesson Plans tailored for Kenyan teachers, CBC compliant, organized by subject and grade.
-Contains Term 2 lesson plans-COMPLETE LESSON PLANS",0,"2025-07-15 19:47:05"
140,"Grade 8 English Term 2 Lesson Plans.docx",4,7,26,77,15,lesson-plans/junior-secondary/grade-8/term-2/1752608866_Grade8EnglishTerm2LessonPlans.docx,"Simplify your lesson with downloadable lesson Plans tailored for Kenyan teachers, CBC compliant, organized by subject and grade.
-Contains Term 2 lesson plans-COMPLETE LESSON PLANS",0,"2025-07-15 19:47:46"
141,"Grade 8 Intergrated Science Term 2 Lesson Plans.docx",4,7,26,77,15,lesson-plans/junior-secondary/grade-8/term-2/1752608918_Grade8IntergratedScienceTerm2LessonPlans.docx,"Simplify your lesson with downloadable lesson Plans tailored for Kenyan teachers, CBC compliant, organized by subject and grade.
-Contains Term 2 lesson plans-COMPLETE LESSON PLANS",0,"2025-07-15 19:48:38"
142,"GRADE 8 TERM 2 MATHEMATICS LESSON PLANS.docx",4,7,26,77,10,lesson-plans/junior-secondary/grade-8/term-2/1752608953_GRADE8TERM2MATHEMATICSLESSONPLANS.docx,"Simplify your lesson with downloadable lesson Plans tailored for Kenyan teachers, CBC compliant, organized by subject and grade.
-Contains Term 2 lesson plans-COMPLETE LESSON PLANS",3,"2025-07-15 19:49:13"
143,"Grade 9 Rationalized CRE Lesson Plans Term 2.docx",4,7,27,80,15,lesson-plans/junior-secondary/grade-9/term-2/1752608994_Grade9RationalizedCRELessonPlansTerm2.docx,"Simplify your lesson with downloadable lesson Plans tailored for Kenyan teachers, CBC compliant, organized by subject and grade.
-Contains Term 2 lesson plans-COMPLETE LESSON PLANS",0,"2025-07-15 19:49:54"
144,"Grade 9 Rationalized English Lesson Plans Term 2.docx",4,7,27,80,10,lesson-plans/junior-secondary/grade-9/term-2/1752609044_Grade9RationalizedEnglishLessonPlansTerm2.docx,"Simplify your lesson with downloadable lesson Plans tailored for Kenyan teachers, CBC compliant, organized by subject and grade.
-Contains Term 2 lesson plans-COMPLETE LESSON PLANS",0,"2025-07-15 19:50:44"
145,"Grade 9 Rationalized English Lesson Plans Term 2--Edited--.docx",4,7,27,80,10,lesson-plans/junior-secondary/grade-9/term-2/1752609160_Grade9RationalizedEnglishLessonPlansTerm2-1.docx,"Simplify your lesson with downloadable lesson Plans tailored for Kenyan teachers, CBC compliant, organized by subject and grade.
-Contains Term 2 lesson plans-COMPLETE LESSON PLANS",0,"2025-07-15 19:52:40"
146,"CAS G9 Records Of Work Term 1",16,49,176,,10,records-of-work/junior-secondary/grade-9/1752853990_CASG9RecordsOfWorkTerm1-.docx,"Records of work are drawn from various books and are editable to fit your specifications.",0,"2025-07-18 15:53:10"
147,"CRE G6 ROW T2.docx",16,48,173,,10,records-of-work/upper-primary/grade-6/1752854090_CREG6ROWT2.docx,"Records of work are drawn from various books and are editable to fit your specifications. Confirm the 'TERM' before downloading.",0,"2025-07-18 15:54:50"
148,"MATH G8 ROW TERM 2.docx",16,49,175,,10,records-of-work/junior-secondary/grade-8/1752854198_MATHG8ROWT2.docx,"Records of work are drawn from various books and are editable to fit your specifications. Confirm the 'TERM' before downloading.",0,"2025-07-18 15:56:38"
149,"PRE TECH 7 ROW T2.docx",16,49,174,,10,records-of-work/junior-secondary/grade-7/1752854247_PRETECH7ROWT2.docx,"Records of work are drawn from various books and are editable to fit your specifications. Confirm the 'TERM' before downloading.",0,"2025-07-18 15:57:27"
150,"PRE TECH 8 ROW T2.docx",16,49,175,,10,records-of-work/junior-secondary/grade-8/1752854308_PRETECH8ROWT2.docx,"Records of work are drawn from various books and are editable to fit your specifications. Confirm the 'TERM' before downloading.",0,"2025-07-18 15:58:28"
151,"CAS G9 Records Of Work Term 1",16,49,176,,10,records-of-work/junior-secondary/grade-9/1756927223_CASG9RecordsOfWorkTerm1-.docx,"CBC approved Records of work, fully updated.",0,"2025-09-03 19:20:23"
152,"CRE G6 ROW T2.docx",16,48,173,,10,records-of-work/upper-primary/grade-6/1756927276_CREG6ROWT2.docx,"CBC approved Records of work, fully updated.",0,"2025-09-03 19:21:16"
153,"MATH G8 ROW T2.docx",16,49,176,,10,records-of-work/junior-secondary/grade-9/1756927331_MATHG8ROWT2.docx,"CBC approved Records of work, fully updated.",0,"2025-09-03 19:22:11"
154,"PRE TECH 7 ROW T2.docx",16,49,174,,10,records-of-work/junior-secondary/grade-7/1756927375_PRETECH7ROWT2.docx,"CBC approved Records of work, fully updated.",1,"2025-09-03 19:22:55"
155,"PRE TECH 8 ROW T2.docx",16,49,175,,10,records-of-work/junior-secondary/grade-8/1756927416_PRETECH8ROWT2.docx,"CBC approved Records of work, fully updated.",1,"2025-09-03 19:23:36"
