id,grade_id,slug,title,description,ordinal
1,1,term-1,Term 1,"First Term",1
2,1,term-2,Term 2,"Second Term",2
3,1,term-3,Term 3,"Third Term",3
4,2,term-1,Term 1,"First Term",1
5,2,term-2,Term 2,"Second Term",2
6,2,term-3,Term 3,"Third Term",3
7,3,term-1,Term 1,"First Term",1
8,3,term-2,Term 2,"Second Term",2
9,3,term-3,Term 3,"Third Term",3
10,4,term-1,Term 1,"First Term",1
11,4,term-2,Term 2,"Second Term",2
12,4,term-3,Term 3,"Third Term",3
13,5,term-1,Term 1,"First Term",1
14,5,term-2,Term 2,"Second Term",2
15,5,term-3,Term 3,"Third Term",3
16,6,term-1,Term 1,"First Term",1
17,6,term-2,Term 2,"Second Term",2
18,6,term-3,Term 3,"Third Term",3
19,7,term-1,Term 1,"First Term",1
20,7,term-2,Term 2,"Second Term",2
21,7,term-3,Term 3,"Third Term",3
22,8,term-1,Term 1,"First Term",1
23,8,term-2,Term 2,"Second Term",2
24,8,term-3,Term 3,"Third Term",3
25,9,term-1,Term 1,"First Term",1
26,9,term-2,Term 2,"Second Term",2
27,9,term-3,Term 3,"Third Term",3
28,10,term-1,Term 1,"First Term",1
29,10,term-2,Term 2,"Second Term",2
30,10,term-3,Term 3,"Third Term",3
31,11,term-1,Term 1,"First Term",1
32,11,term-2,Term 2,"Second Term",2
33,11,term-3,Term 3,"Third Term",3
34,12,term-1,Term 1,"First Term",1
35,12,term-2,Term 2,"Second Term",2
36,12,term-3,Term 3,"Third Term",3
37,13,term-1,Term 1,"First Term",1
38,13,term-2,Term 2,"Second Term",2
39,13,term-3,Term 3,"Third Term",3
40,14,term-1,Term 1,"First Term",1
41,14,term-2,Term 2,"Second Term",2
42,14,term-3,Term 3,"Third Term",3
43,15,term-1,Term 1,"First Term",1
44,15,term-2,Term 2,"Second Term",2
45,15,term-3,Term 3,"Third Term",3
46,16,term-1,Term 1,"First Term",1
47,16,term-2,Term 2,"Second Term",2
48,16,term-3,Term 3,"Third Term",3
49,17,term-1,Term 1,"First Term",1
50,17,term-2,Term 2,"Second Term",2
51,17,term-3,Term 3,"Third Term",3
52,18,term-1,Term 1,"First Term",1
53,18,term-2,Term 2,"Second Term",2
54,18,term-3,Term 3,"Third Term",3
55,19,term-1,Term 1,"First Term",1
56,19,term-2,Term 2,"Second Term",2
57,19,term-3,Term 3,"Third Term",3
58,20,term-1,Term 1,"First Term",1
59,20,term-2,Term 2,"Second Term",2
60,20,term-3,Term 3,"Third Term",3
61,21,term-1,Term 1,"First Term",1
62,21,term-2,Term 2,"Second Term",2
63,21,term-3,Term 3,"Third Term",3
64,22,term-1,Term 1,"First Term",1
65,22,term-2,Term 2,"Second Term",2
66,22,term-3,Term 3,"Third Term",3
67,23,term-1,Term 1,"First Term",1
68,23,term-2,Term 2,"Second Term",2
69,23,term-3,Term 3,"Third Term",3
70,24,term-1,Term 1,"First Term",1
71,24,term-2,Term 2,"Second Term",2
72,24,term-3,Term 3,"Third Term",3
73,25,term-1,Term 1,"First Term",1
74,25,term-2,Term 2,"Second Term",2
75,25,term-3,Term 3,"Third Term",3
76,26,term-1,Term 1,"First Term",1
77,26,term-2,Term 2,"Second Term",2
78,26,term-3,Term 3,"Third Term",3
79,27,term-1,Term 1,"First Term",1
80,27,term-2,Term 2,"Second Term",2
81,27,term-3,Term 3,"Third Term",3
82,28,term-1,Term 1,"First Term",1
83,28,term-2,Term 2,"Second Term",2
84,28,term-3,Term 3,"Third Term",3
85,29,term-1,Term 1,"First Term",1
86,29,term-2,Term 2,"Second Term",2
87,29,term-3,Term 3,"Third Term",3
88,30,term-1,Term 1,"First Term",1
89,30,term-2,Term 2,"Second Term",2
90,30,term-3,Term 3,"Third Term",3
91,31,term-1,Term 1,"First Term",1
92,31,term-2,Term 2,"Second Term",2
93,31,term-3,Term 3,"Third Term",3
94,32,term-1,Term 1,"First Term",1
95,32,term-2,Term 2,"Second Term",2
96,32,term-3,Term 3,"Third Term",3
97,33,term-1,Term 1,"First Term",1
98,33,term-2,Term 2,"Second Term",2
99,33,term-3,Term 3,"Third Term",3
100,34,term-1,Term 1,"First Term",1
101,34,term-2,Term 2,"Second Term",2
102,34,term-3,Term 3,"Third Term",3
